--------------------------------------------------------
-- Archivo creado  - domingo-septiembre-24-2023   
--------------------------------------------------------
--------------------------------------------------------
--  DDL for Table ISSUE
--------------------------------------------------------

  CREATE TABLE "UANDARI_USER"."ISSUE" 
   (	"IDISSUE" NUMBER GENERATED BY DEFAULT ON NULL AS IDENTITY MINVALUE 1 MAXVALUE 9999999999999999999999999999 INCREMENT BY 1 START WITH 1 CACHE 20 NOORDER  NOCYCLE  NOKEEP  NOSCALE , 
	"IDHOURXHOUR" NUMBER, 
	"IDCATEGORY" NUMBER, 
	"IDTYPE" NUMBER, 
	"ENGINESAFFECTED" NUMBER, 
	"DESCRIPTION_" VARCHAR2(1000 BYTE), 
	"DATE_" VARCHAR2(50 BYTE), 
	"ESTIMATEDATE" VARCHAR2(255 BYTE), 
	"STATUS" VARCHAR2(50 BYTE), 
	"SHIFT" VARCHAR2(1 BYTE), 
	"ISDELETE" NUMBER(1,0) DEFAULT 0, 
	"IDUSER" NUMBER
   ) SEGMENT CREATION IMMEDIATE 
  PCTFREE 10 PCTUSED 40 INITRANS 1 MAXTRANS 255 
 NOCOMPRESS LOGGING
  STORAGE(INITIAL 65536 NEXT 1048576 MINEXTENTS 1 MAXEXTENTS 2147483645
  PCTINCREASE 0 FREELISTS 1 FREELIST GROUPS 1
  BUFFER_POOL DEFAULT FLASH_CACHE DEFAULT CELL_FLASH_CACHE DEFAULT)
  TABLESPACE "USERS" ;
--------------------------------------------------------
--  DDL for Table TYPES_CATEGORY
--------------------------------------------------------

  CREATE TABLE "UANDARI_USER"."TYPES_CATEGORY" 
   (	"IDTYPESCATEGORY" NUMBER GENERATED BY DEFAULT ON NULL AS IDENTITY MINVALUE 1 MAXVALUE 9999999999999999999999999999 INCREMENT BY 1 START WITH 1 CACHE 20 NOORDER  NOCYCLE  NOKEEP  NOSCALE , 
	"TYPECATEGORY" VARCHAR2(255 BYTE), 
	"IDCATEGORY" NUMBER
   ) SEGMENT CREATION IMMEDIATE 
  PCTFREE 10 PCTUSED 40 INITRANS 1 MAXTRANS 255 
 NOCOMPRESS LOGGING
  STORAGE(INITIAL 65536 NEXT 1048576 MINEXTENTS 1 MAXEXTENTS 2147483645
  PCTINCREASE 0 FREELISTS 1 FREELIST GROUPS 1
  BUFFER_POOL DEFAULT FLASH_CACHE DEFAULT CELL_FLASH_CACHE DEFAULT)
  TABLESPACE "USERS" ;
--------------------------------------------------------
--  DDL for Table USERVW
--------------------------------------------------------

  CREATE TABLE "UANDARI_USER"."USERVW" 
   (	"IDUSER" NUMBER GENERATED BY DEFAULT ON NULL AS IDENTITY MINVALUE 1 MAXVALUE 9999999999999999999999999999 INCREMENT BY 1 START WITH 1 CACHE 20 NOORDER  NOCYCLE  NOKEEP  NOSCALE , 
	"NAME_" VARCHAR2(100 BYTE), 
	"LASTNAMES" VARCHAR2(100 BYTE), 
	"CONTROLNUMBER" VARCHAR2(20 BYTE), 
	"MAIL" VARCHAR2(100 BYTE), 
	"PASSWORD_" VARCHAR2(100 BYTE), 
	"IDROLE" NUMBER, 
	"TOKEN" VARCHAR2(200 BYTE), 
	"VERIFIEDACCOUNT" NUMBER(1,0) DEFAULT 0, 
	"IMAGEURL" VARCHAR2(255 BYTE), 
	"ISDELETE" NUMBER(1,0) DEFAULT 0
   ) SEGMENT CREATION IMMEDIATE 
  PCTFREE 10 PCTUSED 40 INITRANS 1 MAXTRANS 255 
 NOCOMPRESS LOGGING
  STORAGE(INITIAL 65536 NEXT 1048576 MINEXTENTS 1 MAXEXTENTS 2147483645
  PCTINCREASE 0 FREELISTS 1 FREELIST GROUPS 1
  BUFFER_POOL DEFAULT FLASH_CACHE DEFAULT CELL_FLASH_CACHE DEFAULT)
  TABLESPACE "USERS" ;
--------------------------------------------------------
--  DDL for Table ROLE
--------------------------------------------------------

  CREATE TABLE "UANDARI_USER"."ROLE" 
   (	"IDROLE" NUMBER GENERATED BY DEFAULT ON NULL AS IDENTITY MINVALUE 1 MAXVALUE 9999999999999999999999999999 INCREMENT BY 1 START WITH 1 CACHE 20 NOORDER  NOCYCLE  NOKEEP  NOSCALE , 
	"NAME" VARCHAR2(50 BYTE), 
	"ISDELETE" NUMBER(1,0) DEFAULT 0
   ) SEGMENT CREATION IMMEDIATE 
  PCTFREE 10 PCTUSED 40 INITRANS 1 MAXTRANS 255 
 NOCOMPRESS LOGGING
  STORAGE(INITIAL 65536 NEXT 1048576 MINEXTENTS 1 MAXEXTENTS 2147483645
  PCTINCREASE 0 FREELISTS 1 FREELIST GROUPS 1
  BUFFER_POOL DEFAULT FLASH_CACHE DEFAULT CELL_FLASH_CACHE DEFAULT)
  TABLESPACE "USERS" ;
--------------------------------------------------------
--  DDL for Table OPERATION
--------------------------------------------------------

  CREATE TABLE "UANDARI_USER"."OPERATION" 
   (	"IDOPERATION" NUMBER GENERATED ALWAYS AS IDENTITY MINVALUE 1 MAXVALUE 9999999999999999999999999999 INCREMENT BY 1 START WITH 1 CACHE 20 NOORDER  NOCYCLE  NOKEEP  NOSCALE , 
	"IDCELL" NUMBER, 
	"NAME_" VARCHAR2(255 BYTE)
   ) SEGMENT CREATION IMMEDIATE 
  PCTFREE 10 PCTUSED 40 INITRANS 1 MAXTRANS 255 
 NOCOMPRESS LOGGING
  STORAGE(INITIAL 65536 NEXT 1048576 MINEXTENTS 1 MAXEXTENTS 2147483645
  PCTINCREASE 0 FREELISTS 1 FREELIST GROUPS 1
  BUFFER_POOL DEFAULT FLASH_CACHE DEFAULT CELL_FLASH_CACHE DEFAULT)
  TABLESPACE "USERS" ;
--------------------------------------------------------
--  DDL for Table LINEVW
--------------------------------------------------------

  CREATE TABLE "UANDARI_USER"."LINEVW" 
   (	"IDLINE" NUMBER GENERATED BY DEFAULT ON NULL AS IDENTITY MINVALUE 1 MAXVALUE 9999999999999999999999999999 INCREMENT BY 1 START WITH 1 CACHE 20 NOORDER  NOCYCLE  NOKEEP  NOSCALE , 
	"LINENAME" VARCHAR2(100 BYTE)
   ) SEGMENT CREATION IMMEDIATE 
  PCTFREE 10 PCTUSED 40 INITRANS 1 MAXTRANS 255 
 NOCOMPRESS LOGGING
  STORAGE(INITIAL 65536 NEXT 1048576 MINEXTENTS 1 MAXEXTENTS 2147483645
  PCTINCREASE 0 FREELISTS 1 FREELIST GROUPS 1
  BUFFER_POOL DEFAULT FLASH_CACHE DEFAULT CELL_FLASH_CACHE DEFAULT)
  TABLESPACE "USERS" ;
--------------------------------------------------------
--  DDL for Table LINE
--------------------------------------------------------

  CREATE TABLE "UANDARI_USER"."LINE" 
   (	"IDLINE" NUMBER GENERATED ALWAYS AS IDENTITY MINVALUE 1 MAXVALUE 9999999999999999999999999999 INCREMENT BY 1 START WITH 1 CACHE 20 NOORDER  NOCYCLE  NOKEEP  NOSCALE , 
	"LINENAME" VARCHAR2(50 BYTE), 
	"ISDELETE" NUMBER(1,0) DEFAULT 0, 
	"IDCAR" NUMBER
   ) SEGMENT CREATION IMMEDIATE 
  PCTFREE 10 PCTUSED 40 INITRANS 1 MAXTRANS 255 
 NOCOMPRESS LOGGING
  STORAGE(INITIAL 65536 NEXT 1048576 MINEXTENTS 1 MAXEXTENTS 2147483645
  PCTINCREASE 0 FREELISTS 1 FREELIST GROUPS 1
  BUFFER_POOL DEFAULT FLASH_CACHE DEFAULT CELL_FLASH_CACHE DEFAULT)
  TABLESPACE "USERS" ;
--------------------------------------------------------
--  DDL for Table ESCALATEDISSUES
--------------------------------------------------------

  CREATE TABLE "UANDARI_USER"."ESCALATEDISSUES" 
   (	"IDISSUESCALED" NUMBER GENERATED BY DEFAULT ON NULL AS IDENTITY MINVALUE 1 MAXVALUE 9999999999999999999999999999 INCREMENT BY 1 START WITH 1 CACHE 20 NOORDER  NOCYCLE  NOKEEP  NOSCALE , 
	"DATESCALING" VARCHAR2(50 BYTE), 
	"SCALEDEVIATION" VARCHAR2(50 BYTE), 
	"IMPELLER" VARCHAR2(100 BYTE), 
	"AFFECT5S" NUMBER(1,0) DEFAULT 0, 
	"AGREEDACTION" VARCHAR2(50 BYTE), 
	"IDUSER" NUMBER, 
	"STATUS" NUMBER, 
	"DEADLINE" VARCHAR2(50 BYTE), 
	"IDISSUE" NUMBER
   ) SEGMENT CREATION IMMEDIATE 
  PCTFREE 10 PCTUSED 40 INITRANS 1 MAXTRANS 255 
 NOCOMPRESS LOGGING
  STORAGE(INITIAL 65536 NEXT 1048576 MINEXTENTS 1 MAXEXTENTS 2147483645
  PCTINCREASE 0 FREELISTS 1 FREELIST GROUPS 1
  BUFFER_POOL DEFAULT FLASH_CACHE DEFAULT CELL_FLASH_CACHE DEFAULT)
  TABLESPACE "USERS" ;
--------------------------------------------------------
--  DDL for Table HOURXHOUR
--------------------------------------------------------

  CREATE TABLE "UANDARI_USER"."HOURXHOUR" 
   (	"IDHOURXHOUR" NUMBER GENERATED ALWAYS AS IDENTITY MINVALUE 1 MAXVALUE 9999999999999999999999999999 INCREMENT BY 1 START WITH 1 CACHE 20 NOORDER  NOCYCLE  NOKEEP  NOSCALE , 
	"HOUR_" VARCHAR2(10 BYTE), 
	"DATE_" VARCHAR2(10 BYTE), 
	"MUST" NUMBER, 
	"MUSTACCUMULATIVE" NUMBER, 
	"IS_" NUMBER, 
	"ISACCUMULATIVE" NUMBER, 
	"DIFFERENCE" NUMBER, 
	"ACCUMULATIVEDIFFERENCE" NUMBER, 
	"IDCELL" NUMBER, 
	"IDUSER" NUMBER, 
	"IDAREAS" NUMBER, 
	"IDOPERATION" NUMBER, 
	"DOWNTIME" NUMBER
   ) SEGMENT CREATION IMMEDIATE 
  PCTFREE 10 PCTUSED 40 INITRANS 1 MAXTRANS 255 
 NOCOMPRESS LOGGING
  STORAGE(INITIAL 65536 NEXT 1048576 MINEXTENTS 1 MAXEXTENTS 2147483645
  PCTINCREASE 0 FREELISTS 1 FREELIST GROUPS 1
  BUFFER_POOL DEFAULT FLASH_CACHE DEFAULT CELL_FLASH_CACHE DEFAULT)
  TABLESPACE "USERS" ;
--------------------------------------------------------
--  DDL for Table CELL
--------------------------------------------------------

  CREATE TABLE "UANDARI_USER"."CELL" 
   (	"IDCELL" NUMBER GENERATED BY DEFAULT ON NULL AS IDENTITY MINVALUE 1 MAXVALUE 9999999999999999999999999999 INCREMENT BY 1 START WITH 1 CACHE 20 NOORDER  NOCYCLE  NOKEEP  NOSCALE , 
	"CELLNAME" VARCHAR2(100 BYTE), 
	"IDUSER" NUMBER, 
	"IDLINE" NUMBER, 
	"ISDELETE" NUMBER(1,0) DEFAULT 0
   ) SEGMENT CREATION IMMEDIATE 
  PCTFREE 10 PCTUSED 40 INITRANS 1 MAXTRANS 255 
 NOCOMPRESS LOGGING
  STORAGE(INITIAL 65536 NEXT 1048576 MINEXTENTS 1 MAXEXTENTS 2147483645
  PCTINCREASE 0 FREELISTS 1 FREELIST GROUPS 1
  BUFFER_POOL DEFAULT FLASH_CACHE DEFAULT CELL_FLASH_CACHE DEFAULT)
  TABLESPACE "USERS" ;
--------------------------------------------------------
--  DDL for Table CATEGORY
--------------------------------------------------------

  CREATE TABLE "UANDARI_USER"."CATEGORY" 
   (	"IDCATEGORY" NUMBER GENERATED BY DEFAULT ON NULL AS IDENTITY MINVALUE 1 MAXVALUE 9999999999999999999999999999 INCREMENT BY 1 START WITH 1 CACHE 20 NOORDER  NOCYCLE  NOKEEP  NOSCALE , 
	"NAME_" VARCHAR2(255 BYTE), 
	"DESCRIPTION_" VARCHAR2(1000 BYTE)
   ) SEGMENT CREATION IMMEDIATE 
  PCTFREE 10 PCTUSED 40 INITRANS 1 MAXTRANS 255 
 NOCOMPRESS LOGGING
  STORAGE(INITIAL 65536 NEXT 1048576 MINEXTENTS 1 MAXEXTENTS 2147483645
  PCTINCREASE 0 FREELISTS 1 FREELIST GROUPS 1
  BUFFER_POOL DEFAULT FLASH_CACHE DEFAULT CELL_FLASH_CACHE DEFAULT)
  TABLESPACE "USERS" ;
--------------------------------------------------------
--  DDL for Table CAR
--------------------------------------------------------

  CREATE TABLE "UANDARI_USER"."CAR" 
   (	"IDCAR" NUMBER GENERATED ALWAYS AS IDENTITY MINVALUE 1 MAXVALUE 9999999999999999999999999999 INCREMENT BY 1 START WITH 1 CACHE 20 NOORDER  NOCYCLE  NOKEEP  NOSCALE , 
	"NAME_" VARCHAR2(50 BYTE)
   ) SEGMENT CREATION IMMEDIATE 
  PCTFREE 10 PCTUSED 40 INITRANS 1 MAXTRANS 255 
 NOCOMPRESS LOGGING
  STORAGE(INITIAL 65536 NEXT 1048576 MINEXTENTS 1 MAXEXTENTS 2147483645
  PCTINCREASE 0 FREELISTS 1 FREELIST GROUPS 1
  BUFFER_POOL DEFAULT FLASH_CACHE DEFAULT CELL_FLASH_CACHE DEFAULT)
  TABLESPACE "USERS" ;
--------------------------------------------------------
--  DDL for Table AREAS
--------------------------------------------------------

  CREATE TABLE "UANDARI_USER"."AREAS" 
   (	"IDAREAS" NUMBER GENERATED ALWAYS AS IDENTITY MINVALUE 1 MAXVALUE 9999999999999999999999999999 INCREMENT BY 1 START WITH 1 CACHE 20 NOORDER  NOCYCLE  NOKEEP  NOSCALE , 
	"NAME" VARCHAR2(255 BYTE)
   ) SEGMENT CREATION IMMEDIATE 
  PCTFREE 10 PCTUSED 40 INITRANS 1 MAXTRANS 255 
 NOCOMPRESS LOGGING
  STORAGE(INITIAL 65536 NEXT 1048576 MINEXTENTS 1 MAXEXTENTS 2147483645
  PCTINCREASE 0 FREELISTS 1 FREELIST GROUPS 1
  BUFFER_POOL DEFAULT FLASH_CACHE DEFAULT CELL_FLASH_CACHE DEFAULT)
  TABLESPACE "USERS" ;
REM INSERTING into UANDARI_USER.ISSUE
SET DEFINE OFF;
Insert into UANDARI_USER.ISSUE (IDISSUE,IDHOURXHOUR,IDCATEGORY,IDTYPE,ENGINESAFFECTED,DESCRIPTION_,DATE_,ESTIMATEDATE,STATUS,SHIFT,ISDELETE,IDUSER) values (26,123,3,1,3,'Descripción del problema','2023-08-19','2023-08-25','Pending','D',1,4);
Insert into UANDARI_USER.ISSUE (IDISSUE,IDHOURXHOUR,IDCATEGORY,IDTYPE,ENGINESAFFECTED,DESCRIPTION_,DATE_,ESTIMATEDATE,STATUS,SHIFT,ISDELETE,IDUSER) values (48,3,3,3,3,'Descripción del problema','2023-08-22','2023-08-26','Pending','D',0,101);
Insert into UANDARI_USER.ISSUE (IDISSUE,IDHOURXHOUR,IDCATEGORY,IDTYPE,ENGINESAFFECTED,DESCRIPTION_,DATE_,ESTIMATEDATE,STATUS,SHIFT,ISDELETE,IDUSER) values (103,7,3,3,3,'Descripción del problema','2023-03-19','2023-09-01','Pending','A',0,101);
Insert into UANDARI_USER.ISSUE (IDISSUE,IDHOURXHOUR,IDCATEGORY,IDTYPE,ENGINESAFFECTED,DESCRIPTION_,DATE_,ESTIMATEDATE,STATUS,SHIFT,ISDELETE,IDUSER) values (21,123,2,1,3,'Descripción del problema','2023-08-19','2023-08-25','Pending','D',0,5);
Insert into UANDARI_USER.ISSUE (IDISSUE,IDHOURXHOUR,IDCATEGORY,IDTYPE,ENGINESAFFECTED,DESCRIPTION_,DATE_,ESTIMATEDATE,STATUS,SHIFT,ISDELETE,IDUSER) values (23,123,3,1,3,'Descripción del problema','2023-08-19','2023-08-25','Pending','D',0,5);
Insert into UANDARI_USER.ISSUE (IDISSUE,IDHOURXHOUR,IDCATEGORY,IDTYPE,ENGINESAFFECTED,DESCRIPTION_,DATE_,ESTIMATEDATE,STATUS,SHIFT,ISDELETE,IDUSER) values (27,123,3,2,3,'Descripción del problema','2023-08-19','2023-08-25','Pending','D',0,101);
Insert into UANDARI_USER.ISSUE (IDISSUE,IDHOURXHOUR,IDCATEGORY,IDTYPE,ENGINESAFFECTED,DESCRIPTION_,DATE_,ESTIMATEDATE,STATUS,SHIFT,ISDELETE,IDUSER) values (49,3,3,3,3,'Descripción del problema','2023-08-23','2023-08-26','Pending','D',0,101);
Insert into UANDARI_USER.ISSUE (IDISSUE,IDHOURXHOUR,IDCATEGORY,IDTYPE,ENGINESAFFECTED,DESCRIPTION_,DATE_,ESTIMATEDATE,STATUS,SHIFT,ISDELETE,IDUSER) values (52,3,3,3,3,'Descripción del problema','2023-08-26','2023-08-26','Pending','D',0,101);
Insert into UANDARI_USER.ISSUE (IDISSUE,IDHOURXHOUR,IDCATEGORY,IDTYPE,ENGINESAFFECTED,DESCRIPTION_,DATE_,ESTIMATEDATE,STATUS,SHIFT,ISDELETE,IDUSER) values (104,81,3,3,3,'Descripción del problema','2023-03-19','2023-09-01','Pending','A',0,101);
Insert into UANDARI_USER.ISSUE (IDISSUE,IDHOURXHOUR,IDCATEGORY,IDTYPE,ENGINESAFFECTED,DESCRIPTION_,DATE_,ESTIMATEDATE,STATUS,SHIFT,ISDELETE,IDUSER) values (2,7,1,2,3,'Descripción del problemaW','2023-08-19','2023-08-25','Resuelto','B',0,8);
Insert into UANDARI_USER.ISSUE (IDISSUE,IDHOURXHOUR,IDCATEGORY,IDTYPE,ENGINESAFFECTED,DESCRIPTION_,DATE_,ESTIMATEDATE,STATUS,SHIFT,ISDELETE,IDUSER) values (3,7,1,2,3,'Descripción del problemaW','2023-08-19','2023-08-25','Resuelto','B',1,101);
Insert into UANDARI_USER.ISSUE (IDISSUE,IDHOURXHOUR,IDCATEGORY,IDTYPE,ENGINESAFFECTED,DESCRIPTION_,DATE_,ESTIMATEDATE,STATUS,SHIFT,ISDELETE,IDUSER) values (22,123,2,1,3,'Descripción del problema','2023-08-19','2023-08-25','Pending','D',0,101);
Insert into UANDARI_USER.ISSUE (IDISSUE,IDHOURXHOUR,IDCATEGORY,IDTYPE,ENGINESAFFECTED,DESCRIPTION_,DATE_,ESTIMATEDATE,STATUS,SHIFT,ISDELETE,IDUSER) values (28,7,1,2,3,'Descripción del problemaW','2023-08-19','2023-08-25','Resuelto','B',0,101);
Insert into UANDARI_USER.ISSUE (IDISSUE,IDHOURXHOUR,IDCATEGORY,IDTYPE,ENGINESAFFECTED,DESCRIPTION_,DATE_,ESTIMATEDATE,STATUS,SHIFT,ISDELETE,IDUSER) values (41,7,3,3,3,'Descripción del problema','2023-08-19','2023-08-21','Pending','D',0,101);
Insert into UANDARI_USER.ISSUE (IDISSUE,IDHOURXHOUR,IDCATEGORY,IDTYPE,ENGINESAFFECTED,DESCRIPTION_,DATE_,ESTIMATEDATE,STATUS,SHIFT,ISDELETE,IDUSER) values (43,7,3,3,3,'Descripción del problema','2023-08-19','2023-08-23','Pending','D',0,101);
Insert into UANDARI_USER.ISSUE (IDISSUE,IDHOURXHOUR,IDCATEGORY,IDTYPE,ENGINESAFFECTED,DESCRIPTION_,DATE_,ESTIMATEDATE,STATUS,SHIFT,ISDELETE,IDUSER) values (45,7,3,3,3,'Descripción del problema','2023-08-19','2023-08-25','Pending','D',0,101);
Insert into UANDARI_USER.ISSUE (IDISSUE,IDHOURXHOUR,IDCATEGORY,IDTYPE,ENGINESAFFECTED,DESCRIPTION_,DATE_,ESTIMATEDATE,STATUS,SHIFT,ISDELETE,IDUSER) values (50,3,3,3,3,'Descripción del problema','2023-08-24','2023-08-26','Pending','D',0,101);
Insert into UANDARI_USER.ISSUE (IDISSUE,IDHOURXHOUR,IDCATEGORY,IDTYPE,ENGINESAFFECTED,DESCRIPTION_,DATE_,ESTIMATEDATE,STATUS,SHIFT,ISDELETE,IDUSER) values (53,3,3,3,12,'Descripción del problema','2023-08-26','2023-08-26','Pending','A',0,101);
Insert into UANDARI_USER.ISSUE (IDISSUE,IDHOURXHOUR,IDCATEGORY,IDTYPE,ENGINESAFFECTED,DESCRIPTION_,DATE_,ESTIMATEDATE,STATUS,SHIFT,ISDELETE,IDUSER) values (1,3,1,2,3,'Descripción del problemaW','2023-08-19','2023-08-25','Resuelto','A',1,101);
Insert into UANDARI_USER.ISSUE (IDISSUE,IDHOURXHOUR,IDCATEGORY,IDTYPE,ENGINESAFFECTED,DESCRIPTION_,DATE_,ESTIMATEDATE,STATUS,SHIFT,ISDELETE,IDUSER) values (24,123,3,1,3,'Descripción del problema','2023-08-19','2023-08-25','Pending','D',0,101);
Insert into UANDARI_USER.ISSUE (IDISSUE,IDHOURXHOUR,IDCATEGORY,IDTYPE,ENGINESAFFECTED,DESCRIPTION_,DATE_,ESTIMATEDATE,STATUS,SHIFT,ISDELETE,IDUSER) values (42,7,3,3,3,'Descripción del problema','2023-08-19','2023-08-22','Pending','D',0,101);
Insert into UANDARI_USER.ISSUE (IDISSUE,IDHOURXHOUR,IDCATEGORY,IDTYPE,ENGINESAFFECTED,DESCRIPTION_,DATE_,ESTIMATEDATE,STATUS,SHIFT,ISDELETE,IDUSER) values (44,7,3,3,3,'Descripción del problema','2023-08-19','2023-08-24','Pending','D',0,101);
Insert into UANDARI_USER.ISSUE (IDISSUE,IDHOURXHOUR,IDCATEGORY,IDTYPE,ENGINESAFFECTED,DESCRIPTION_,DATE_,ESTIMATEDATE,STATUS,SHIFT,ISDELETE,IDUSER) values (46,7,3,3,3,'Descripción del problema','2023-08-19','2023-08-26','Pending','D',0,101);
Insert into UANDARI_USER.ISSUE (IDISSUE,IDHOURXHOUR,IDCATEGORY,IDTYPE,ENGINESAFFECTED,DESCRIPTION_,DATE_,ESTIMATEDATE,STATUS,SHIFT,ISDELETE,IDUSER) values (51,3,3,3,3,'Descripción del problema','2023-08-25','2023-08-26','Pending','D',0,101);
Insert into UANDARI_USER.ISSUE (IDISSUE,IDHOURXHOUR,IDCATEGORY,IDTYPE,ENGINESAFFECTED,DESCRIPTION_,DATE_,ESTIMATEDATE,STATUS,SHIFT,ISDELETE,IDUSER) values (54,3,3,3,12,'Descripción del problema','2023-08-26','2023-08-26','Pending','B',0,101);
Insert into UANDARI_USER.ISSUE (IDISSUE,IDHOURXHOUR,IDCATEGORY,IDTYPE,ENGINESAFFECTED,DESCRIPTION_,DATE_,ESTIMATEDATE,STATUS,SHIFT,ISDELETE,IDUSER) values (61,123,3,3,3,'Descripción del problema','2023-08-19','2023-08-25','Pending','D',0,101);
Insert into UANDARI_USER.ISSUE (IDISSUE,IDHOURXHOUR,IDCATEGORY,IDTYPE,ENGINESAFFECTED,DESCRIPTION_,DATE_,ESTIMATEDATE,STATUS,SHIFT,ISDELETE,IDUSER) values (81,123,3,3,3,'Descripción del problema','2023-08-19','2023-08-25','Pending','D',0,101);
Insert into UANDARI_USER.ISSUE (IDISSUE,IDHOURXHOUR,IDCATEGORY,IDTYPE,ENGINESAFFECTED,DESCRIPTION_,DATE_,ESTIMATEDATE,STATUS,SHIFT,ISDELETE,IDUSER) values (25,123,3,1,3,'Descripción del problema','2023-08-19','2023-08-25','Pending','D',0,101);
Insert into UANDARI_USER.ISSUE (IDISSUE,IDHOURXHOUR,IDCATEGORY,IDTYPE,ENGINESAFFECTED,DESCRIPTION_,DATE_,ESTIMATEDATE,STATUS,SHIFT,ISDELETE,IDUSER) values (47,3,3,3,3,'Descripción del problema','2023-08-21','2023-08-26','Pending','D',0,101);
Insert into UANDARI_USER.ISSUE (IDISSUE,IDHOURXHOUR,IDCATEGORY,IDTYPE,ENGINESAFFECTED,DESCRIPTION_,DATE_,ESTIMATEDATE,STATUS,SHIFT,ISDELETE,IDUSER) values (62,123,3,3,3,'Descripción del problema','2023-08-19','2023-08-25','Pending','D',0,101);
Insert into UANDARI_USER.ISSUE (IDISSUE,IDHOURXHOUR,IDCATEGORY,IDTYPE,ENGINESAFFECTED,DESCRIPTION_,DATE_,ESTIMATEDATE,STATUS,SHIFT,ISDELETE,IDUSER) values (101,7,3,3,3,'Descripción del problema','2023-08-19','2023-09-01','Pending','D',0,101);
Insert into UANDARI_USER.ISSUE (IDISSUE,IDHOURXHOUR,IDCATEGORY,IDTYPE,ENGINESAFFECTED,DESCRIPTION_,DATE_,ESTIMATEDATE,STATUS,SHIFT,ISDELETE,IDUSER) values (102,7,3,3,3,'Descripción del problema','2023-08-19','2023-09-01','Pending','A',0,101);
Insert into UANDARI_USER.ISSUE (IDISSUE,IDHOURXHOUR,IDCATEGORY,IDTYPE,ENGINESAFFECTED,DESCRIPTION_,DATE_,ESTIMATEDATE,STATUS,SHIFT,ISDELETE,IDUSER) values (105,81,3,3,3,'Descripción del problema','2023-09-23','2023-09-01','Pending','A',0,101);
REM INSERTING into UANDARI_USER.TYPES_CATEGORY
SET DEFINE OFF;
Insert into UANDARI_USER.TYPES_CATEGORY (IDTYPESCATEGORY,TYPECATEGORY,IDCATEGORY) values (1,'Averias o fallas de equipos(piezas)',1);
Insert into UANDARI_USER.TYPES_CATEGORY (IDTYPESCATEGORY,TYPECATEGORY,IDCATEGORY) values (2,'Cambio/ajuste Herramientas o modelo(piezas)',1);
Insert into UANDARI_USER.TYPES_CATEGORY (IDTYPESCATEGORY,TYPECATEGORY,IDCATEGORY) values (3,'Cambio Herramienta de corte(piezas)',1);
Insert into UANDARI_USER.TYPES_CATEGORY (IDTYPESCATEGORY,TYPECATEGORY,IDCATEGORY) values (4,'Paros Planeados Mantenimiento',1);
Insert into UANDARI_USER.TYPES_CATEGORY (IDTYPESCATEGORY,TYPECATEGORY,IDCATEGORY) values (5,'Proveedor',2);
Insert into UANDARI_USER.TYPES_CATEGORY (IDTYPESCATEGORY,TYPECATEGORY,IDCATEGORY) values (6,'Organizativas',2);
Insert into UANDARI_USER.TYPES_CATEGORY (IDTYPESCATEGORY,TYPECATEGORY,IDCATEGORY) values (7,'Logistica',2);
Insert into UANDARI_USER.TYPES_CATEGORY (IDTYPESCATEGORY,TYPECATEGORY,IDCATEGORY) values (8,'Desecho y retrabajo (piezas)',3);
REM INSERTING into UANDARI_USER.USERVW
SET DEFINE OFF;
Insert into UANDARI_USER.USERVW (IDUSER,NAME_,LASTNAMES,CONTROLNUMBER,MAIL,PASSWORD_,IDROLE,TOKEN,VERIFIEDACCOUNT,IMAGEURL,ISDELETE) values (65,'maria','belen','71','john.doe@example.com','123456',1,'bgdrfc52ns81hakjv9r0',0,'src/img/photo.png',1);
Insert into UANDARI_USER.USERVW (IDUSER,NAME_,LASTNAMES,CONTROLNUMBER,MAIL,PASSWORD_,IDROLE,TOKEN,VERIFIEDACCOUNT,IMAGEURL,ISDELETE) values (67,'maria','belen','69','john.doe@example.com','123456',1,'bq4role0qco1haldamji',0,'src/img/photo.png',0);
Insert into UANDARI_USER.USERVW (IDUSER,NAME_,LASTNAMES,CONTROLNUMBER,MAIL,PASSWORD_,IDROLE,TOKEN,VERIFIEDACCOUNT,IMAGEURL,ISDELETE) values (4,'John','Doe','11','john.doe@example.com','45534345312',1,'sometokenvalue',0,'src/img/photo.png',1);
Insert into UANDARI_USER.USERVW (IDUSER,NAME_,LASTNAMES,CONTROLNUMBER,MAIL,PASSWORD_,IDROLE,TOKEN,VERIFIEDACCOUNT,IMAGEURL,ISDELETE) values (5,'Juan','Ayala','10','john.doe@example.com','123456',1,'j42ppbcvogg1h89tejh5',0,'src/img/photo.png',0);
Insert into UANDARI_USER.USERVW (IDUSER,NAME_,LASTNAMES,CONTROLNUMBER,MAIL,PASSWORD_,IDROLE,TOKEN,VERIFIEDACCOUNT,IMAGEURL,ISDELETE) values (7,'Juan','Ayala','10','john.doe@example.com','123456',1,'2lafjld05go1h89trc1m',0,'src/img/photo.png',0);
Insert into UANDARI_USER.USERVW (IDUSER,NAME_,LASTNAMES,CONTROLNUMBER,MAIL,PASSWORD_,IDROLE,TOKEN,VERIFIEDACCOUNT,IMAGEURL,ISDELETE) values (8,'Juan','Ayala','10','john.doe@example.com','123456',1,'jhope5arho1h89tsjic',0,'src/img/photo.png',0);
Insert into UANDARI_USER.USERVW (IDUSER,NAME_,LASTNAMES,CONTROLNUMBER,MAIL,PASSWORD_,IDROLE,TOKEN,VERIFIEDACCOUNT,IMAGEURL,ISDELETE) values (9,'Juan','Ayala','10','john.doe@example.com','123456',1,'45dmnbftpp1h89tstav',0,'src/img/photo.png',0);
Insert into UANDARI_USER.USERVW (IDUSER,NAME_,LASTNAMES,CONTROLNUMBER,MAIL,PASSWORD_,IDROLE,TOKEN,VERIFIEDACCOUNT,IMAGEURL,ISDELETE) values (10,'Juan','Ayala','10','john.doe@example.com','123456',1,'7ct1fqgpei1h89uhq3o',0,'src/img/photo.png',0);
Insert into UANDARI_USER.USERVW (IDUSER,NAME_,LASTNAMES,CONTROLNUMBER,MAIL,PASSWORD_,IDROLE,TOKEN,VERIFIEDACCOUNT,IMAGEURL,ISDELETE) values (11,'Juan','Ayala','11','john.doe@example.com','123456',1,'f05na9me6io1h89ur6p0',0,'src/img/photo.png',1);
Insert into UANDARI_USER.USERVW (IDUSER,NAME_,LASTNAMES,CONTROLNUMBER,MAIL,PASSWORD_,IDROLE,TOKEN,VERIFIEDACCOUNT,IMAGEURL,ISDELETE) values (41,'Juan','Ayala','1854','john.doe@example.com','123456',1,'0uda69ap2j1h9kbh1jc',0,'src/img/photo.png',0);
Insert into UANDARI_USER.USERVW (IDUSER,NAME_,LASTNAMES,CONTROLNUMBER,MAIL,PASSWORD_,IDROLE,TOKEN,VERIFIEDACCOUNT,IMAGEURL,ISDELETE) values (47,'Juan','Ayala','72705','john.doe@example.com','123456',1,'okrco2tirhg1h9kc9g8t',0,'src/img/photo.png',1);
Insert into UANDARI_USER.USERVW (IDUSER,NAME_,LASTNAMES,CONTROLNUMBER,MAIL,PASSWORD_,IDROLE,TOKEN,VERIFIEDACCOUNT,IMAGEURL,ISDELETE) values (48,'Juan','Ayala','72706','john.doe@example.com','123456',1,'aqt513es2kg1h9kdi0t6',0,'src/img/photo.png',0);
Insert into UANDARI_USER.USERVW (IDUSER,NAME_,LASTNAMES,CONTROLNUMBER,MAIL,PASSWORD_,IDROLE,TOKEN,VERIFIEDACCOUNT,IMAGEURL,ISDELETE) values (49,'Juan','Ayala','72707','john.doe@example.com','123456',1,'50q6rb67d1g1h9kdkb0u',0,'src/img/photo.png',0);
Insert into UANDARI_USER.USERVW (IDUSER,NAME_,LASTNAMES,CONTROLNUMBER,MAIL,PASSWORD_,IDROLE,TOKEN,VERIFIEDACCOUNT,IMAGEURL,ISDELETE) values (64,'maria','belen','75','john.doe@example.com','123456',1,'1rq1giv6qug1haftjrq2',0,'src/img/photo.png',0);
Insert into UANDARI_USER.USERVW (IDUSER,NAME_,LASTNAMES,CONTROLNUMBER,MAIL,PASSWORD_,IDROLE,TOKEN,VERIFIEDACCOUNT,IMAGEURL,ISDELETE) values (66,'maria','belen','70','john.doe@example.com','123456',1,'q6218c22o881hal57e7u',0,'src/img/photo.png',0);
Insert into UANDARI_USER.USERVW (IDUSER,NAME_,LASTNAMES,CONTROLNUMBER,MAIL,PASSWORD_,IDROLE,TOKEN,VERIFIEDACCOUNT,IMAGEURL,ISDELETE) values (42,'Juan','Ayala','1854','john.doe@example.com','123456',1,'2tprbcub11h9kbjkqa',0,'src/img/photo.png',0);
Insert into UANDARI_USER.USERVW (IDUSER,NAME_,LASTNAMES,CONTROLNUMBER,MAIL,PASSWORD_,IDROLE,TOKEN,VERIFIEDACCOUNT,IMAGEURL,ISDELETE) values (43,'Juan','Ayala','1854','john.doe@example.com','123456',1,'uou4h39pin1h9kbjqg5',0,'src/img/photo.png',0);
Insert into UANDARI_USER.USERVW (IDUSER,NAME_,LASTNAMES,CONTROLNUMBER,MAIL,PASSWORD_,IDROLE,TOKEN,VERIFIEDACCOUNT,IMAGEURL,ISDELETE) values (44,'Juan','Ayala','1854','john.doe@example.com','123456',1,'dkf28v4p6381h9kbkrlf',0,'src/img/photo.png',0);
Insert into UANDARI_USER.USERVW (IDUSER,NAME_,LASTNAMES,CONTROLNUMBER,MAIL,PASSWORD_,IDROLE,TOKEN,VERIFIEDACCOUNT,IMAGEURL,ISDELETE) values (45,'Juan','Ayala','1854','john.doe@example.com','123456',1,'upqrbl0elsg1h9kbnant',0,'src/img/photo.png',0);
Insert into UANDARI_USER.USERVW (IDUSER,NAME_,LASTNAMES,CONTROLNUMBER,MAIL,PASSWORD_,IDROLE,TOKEN,VERIFIEDACCOUNT,IMAGEURL,ISDELETE) values (46,'Juan','Ayala','1854','john.doe@example.com','123456',1,'eeua1d06r4o1h9kboen7',0,'src/img/photo.png',0);
Insert into UANDARI_USER.USERVW (IDUSER,NAME_,LASTNAMES,CONTROLNUMBER,MAIL,PASSWORD_,IDROLE,TOKEN,VERIFIEDACCOUNT,IMAGEURL,ISDELETE) values (62,'Juan','Ayala','7228897','john.doe@example.com','123456',1,'aqbpq4e3ufo1haag94ur',0,'src/img/photo.png',0);
Insert into UANDARI_USER.USERVW (IDUSER,NAME_,LASTNAMES,CONTROLNUMBER,MAIL,PASSWORD_,IDROLE,TOKEN,VERIFIEDACCOUNT,IMAGEURL,ISDELETE) values (63,'karla','vazquez','735356','john.doe@example.com','123456',1,'eoaa6639sm1had3moqu',0,'src/img/photo.png',0);
Insert into UANDARI_USER.USERVW (IDUSER,NAME_,LASTNAMES,CONTROLNUMBER,MAIL,PASSWORD_,IDROLE,TOKEN,VERIFIEDACCOUNT,IMAGEURL,ISDELETE) values (6,'Juan','Ayala','10','john.doe@example.com','123456',1,'7l4snsgmong1h89th825',0,'src/img/photo.png',0);
Insert into UANDARI_USER.USERVW (IDUSER,NAME_,LASTNAMES,CONTROLNUMBER,MAIL,PASSWORD_,IDROLE,TOKEN,VERIFIEDACCOUNT,IMAGEURL,ISDELETE) values (21,'Juan','Ayala','1854','john.doe@example.com','123456',1,'6f477vegss81h9beagug',0,'src/img/photo.png',0);
Insert into UANDARI_USER.USERVW (IDUSER,NAME_,LASTNAMES,CONTROLNUMBER,MAIL,PASSWORD_,IDROLE,TOKEN,VERIFIEDACCOUNT,IMAGEURL,ISDELETE) values (22,'Juan','Ayala','1854','john.doe@example.com','123456',1,'qcmr7iqmhc81h9bgomf6',0,'src/img/photo.png',0);
Insert into UANDARI_USER.USERVW (IDUSER,NAME_,LASTNAMES,CONTROLNUMBER,MAIL,PASSWORD_,IDROLE,TOKEN,VERIFIEDACCOUNT,IMAGEURL,ISDELETE) values (61,'Juan','Ayala','72289','john.doe@example.com','123456',1,'e2qaf2objug1ha90bgla',0,'src/img/photo.png',0);
REM INSERTING into UANDARI_USER.ROLE
SET DEFINE OFF;
Insert into UANDARI_USER.ROLE (IDROLE,NAME,ISDELETE) values (1,'Admin',0);
Insert into UANDARI_USER.ROLE (IDROLE,NAME,ISDELETE) values (2,'Otro Rol',1);
Insert into UANDARI_USER.ROLE (IDROLE,NAME,ISDELETE) values (21,'Visualizador',0);
Insert into UANDARI_USER.ROLE (IDROLE,NAME,ISDELETE) values (22,'Team Leader',0);
Insert into UANDARI_USER.ROLE (IDROLE,NAME,ISDELETE) values (23,'Coordinador',0);
Insert into UANDARI_USER.ROLE (IDROLE,NAME,ISDELETE) values (41,'Otro Rol',0);
REM INSERTING into UANDARI_USER.OPERATION
SET DEFINE OFF;
Insert into UANDARI_USER.OPERATION (IDOPERATION,IDCELL,NAME_) values (1,1,'0');
Insert into UANDARI_USER.OPERATION (IDOPERATION,IDCELL,NAME_) values (2,2,'350');
Insert into UANDARI_USER.OPERATION (IDOPERATION,IDCELL,NAME_) values (3,3,'0');
Insert into UANDARI_USER.OPERATION (IDOPERATION,IDCELL,NAME_) values (4,4,'1560');
Insert into UANDARI_USER.OPERATION (IDOPERATION,IDCELL,NAME_) values (5,6,'180');
Insert into UANDARI_USER.OPERATION (IDOPERATION,IDCELL,NAME_) values (6,7,'930');
Insert into UANDARI_USER.OPERATION (IDOPERATION,IDCELL,NAME_) values (7,8,'1210');
Insert into UANDARI_USER.OPERATION (IDOPERATION,IDCELL,NAME_) values (8,9,'720');
Insert into UANDARI_USER.OPERATION (IDOPERATION,IDCELL,NAME_) values (9,1,'0');
Insert into UANDARI_USER.OPERATION (IDOPERATION,IDCELL,NAME_) values (10,2,'350');
Insert into UANDARI_USER.OPERATION (IDOPERATION,IDCELL,NAME_) values (11,3,'0');
Insert into UANDARI_USER.OPERATION (IDOPERATION,IDCELL,NAME_) values (12,4,'1560');
Insert into UANDARI_USER.OPERATION (IDOPERATION,IDCELL,NAME_) values (13,6,'180');
Insert into UANDARI_USER.OPERATION (IDOPERATION,IDCELL,NAME_) values (14,7,'930');
Insert into UANDARI_USER.OPERATION (IDOPERATION,IDCELL,NAME_) values (15,8,'1210');
Insert into UANDARI_USER.OPERATION (IDOPERATION,IDCELL,NAME_) values (16,9,'720');
REM INSERTING into UANDARI_USER.LINEVW
SET DEFINE OFF;
Insert into UANDARI_USER.LINEVW (IDLINE,LINENAME) values (41,'Cigueñal');
Insert into UANDARI_USER.LINEVW (IDLINE,LINENAME) values (43,'CIGUEÑAL');
Insert into UANDARI_USER.LINEVW (IDLINE,LINENAME) values (44,'CIGUEÑAL');
Insert into UANDARI_USER.LINEVW (IDLINE,LINENAME) values (1,'Línea Cigueñal');
Insert into UANDARI_USER.LINEVW (IDLINE,LINENAME) values (2,'Línea Monoblock');
Insert into UANDARI_USER.LINEVW (IDLINE,LINENAME) values (3,'Línea Piston');
Insert into UANDARI_USER.LINEVW (IDLINE,LINENAME) values (42,'Cigueñal');
Insert into UANDARI_USER.LINEVW (IDLINE,LINENAME) values (21,'Cigueñal');
REM INSERTING into UANDARI_USER.LINE
SET DEFINE OFF;
Insert into UANDARI_USER.LINE (IDLINE,LINENAME,ISDELETE,IDCAR) values (1,'Prueba',1,1);
Insert into UANDARI_USER.LINE (IDLINE,LINENAME,ISDELETE,IDCAR) values (2,'Ejemplo de nombre de línea',1,1);
Insert into UANDARI_USER.LINE (IDLINE,LINENAME,ISDELETE,IDCAR) values (21,'Cigueñal',0,1);
Insert into UANDARI_USER.LINE (IDLINE,LINENAME,ISDELETE,IDCAR) values (22,'Cigueñal',1,1);
Insert into UANDARI_USER.LINE (IDLINE,LINENAME,ISDELETE,IDCAR) values (3,'Cigueñal',1,3);
Insert into UANDARI_USER.LINE (IDLINE,LINENAME,ISDELETE,IDCAR) values (4,'Prueba',0,5);
Insert into UANDARI_USER.LINE (IDLINE,LINENAME,ISDELETE,IDCAR) values (5,'Cigueñal',0,1);
Insert into UANDARI_USER.LINE (IDLINE,LINENAME,ISDELETE,IDCAR) values (41,'Cigueñal',0,2);
Insert into UANDARI_USER.LINE (IDLINE,LINENAME,ISDELETE,IDCAR) values (42,'Cigueñal',0,5);
REM INSERTING into UANDARI_USER.ESCALATEDISSUES
SET DEFINE OFF;
Insert into UANDARI_USER.ESCALATEDISSUES (IDISSUESCALED,DATESCALING,SCALEDEVIATION,IMPELLER,AFFECT5S,AGREEDACTION,IDUSER,STATUS,DEADLINE,IDISSUE) values (1,'2023-08-19','2023','Coordinador',1,'IDK2',1,2,'2023-08-19',1);
Insert into UANDARI_USER.ESCALATEDISSUES (IDISSUESCALED,DATESCALING,SCALEDEVIATION,IMPELLER,AFFECT5S,AGREEDACTION,IDUSER,STATUS,DEADLINE,IDISSUE) values (41,'2023-08-19','2023','coordinador',0,'IDK',5,3,'2023-09-19',3);
Insert into UANDARI_USER.ESCALATEDISSUES (IDISSUESCALED,DATESCALING,SCALEDEVIATION,IMPELLER,AFFECT5S,AGREEDACTION,IDUSER,STATUS,DEADLINE,IDISSUE) values (21,'2023-08-19','2023','coordinador',0,'IDK',5,3,'2023-09-19',3);
REM INSERTING into UANDARI_USER.HOURXHOUR
SET DEFINE OFF;
Insert into UANDARI_USER.HOURXHOUR (IDHOURXHOUR,HOUR_,DATE_,MUST,MUSTACCUMULATIVE,IS_,ISACCUMULATIVE,DIFFERENCE,ACCUMULATIVEDIFFERENCE,IDCELL,IDUSER,IDAREAS,IDOPERATION,DOWNTIME) values (13,'12:000000','2023-08-18',20000,15,3,8,2,4,123,456,1,2,60);
Insert into UANDARI_USER.HOURXHOUR (IDHOURXHOUR,HOUR_,DATE_,MUST,MUSTACCUMULATIVE,IS_,ISACCUMULATIVE,DIFFERENCE,ACCUMULATIVEDIFFERENCE,IDCELL,IDUSER,IDAREAS,IDOPERATION,DOWNTIME) values (7,'12:000000','2023-08-18',20000,15,3,8,2,4,3,456,1,2,60);
Insert into UANDARI_USER.HOURXHOUR (IDHOURXHOUR,HOUR_,DATE_,MUST,MUSTACCUMULATIVE,IS_,ISACCUMULATIVE,DIFFERENCE,ACCUMULATIVEDIFFERENCE,IDCELL,IDUSER,IDAREAS,IDOPERATION,DOWNTIME) values (81,'12:000000','2023-08-18',20000,15,3,8,2,4,21,456,1,2,60);
Insert into UANDARI_USER.HOURXHOUR (IDHOURXHOUR,HOUR_,DATE_,MUST,MUSTACCUMULATIVE,IS_,ISACCUMULATIVE,DIFFERENCE,ACCUMULATIVEDIFFERENCE,IDCELL,IDUSER,IDAREAS,IDOPERATION,DOWNTIME) values (101,'08:00:00','2023-09-20',100,500,50,200,50,300,1,101,201,301,10);
Insert into UANDARI_USER.HOURXHOUR (IDHOURXHOUR,HOUR_,DATE_,MUST,MUSTACCUMULATIVE,IS_,ISACCUMULATIVE,DIFFERENCE,ACCUMULATIVEDIFFERENCE,IDCELL,IDUSER,IDAREAS,IDOPERATION,DOWNTIME) values (62,null,null,150,null,null,null,null,null,null,null,null,null,null);
Insert into UANDARI_USER.HOURXHOUR (IDHOURXHOUR,HOUR_,DATE_,MUST,MUSTACCUMULATIVE,IS_,ISACCUMULATIVE,DIFFERENCE,ACCUMULATIVEDIFFERENCE,IDCELL,IDUSER,IDAREAS,IDOPERATION,DOWNTIME) values (102,null,null,150,null,null,null,null,null,null,null,null,null,null);
Insert into UANDARI_USER.HOURXHOUR (IDHOURXHOUR,HOUR_,DATE_,MUST,MUSTACCUMULATIVE,IS_,ISACCUMULATIVE,DIFFERENCE,ACCUMULATIVEDIFFERENCE,IDCELL,IDUSER,IDAREAS,IDOPERATION,DOWNTIME) values (1,'12:000000','2023-08-18',5,15,3,8,2,4,123,456,null,null,null);
Insert into UANDARI_USER.HOURXHOUR (IDHOURXHOUR,HOUR_,DATE_,MUST,MUSTACCUMULATIVE,IS_,ISACCUMULATIVE,DIFFERENCE,ACCUMULATIVEDIFFERENCE,IDCELL,IDUSER,IDAREAS,IDOPERATION,DOWNTIME) values (2,'12:00','2023-08-18',5,15,3,8,2,4,3,1,null,null,null);
Insert into UANDARI_USER.HOURXHOUR (IDHOURXHOUR,HOUR_,DATE_,MUST,MUSTACCUMULATIVE,IS_,ISACCUMULATIVE,DIFFERENCE,ACCUMULATIVEDIFFERENCE,IDCELL,IDUSER,IDAREAS,IDOPERATION,DOWNTIME) values (3,'12:00','2023-08-18',5,15,3,8,2,4,3,1,null,null,null);
Insert into UANDARI_USER.HOURXHOUR (IDHOURXHOUR,HOUR_,DATE_,MUST,MUSTACCUMULATIVE,IS_,ISACCUMULATIVE,DIFFERENCE,ACCUMULATIVEDIFFERENCE,IDCELL,IDUSER,IDAREAS,IDOPERATION,DOWNTIME) values (4,'12:00','2023-08-18',5,15,3,8,2,4,3,1,null,null,null);
Insert into UANDARI_USER.HOURXHOUR (IDHOURXHOUR,HOUR_,DATE_,MUST,MUSTACCUMULATIVE,IS_,ISACCUMULATIVE,DIFFERENCE,ACCUMULATIVEDIFFERENCE,IDCELL,IDUSER,IDAREAS,IDOPERATION,DOWNTIME) values (5,'12:00','2023-08-18',5,15,3,8,2,4,3,1,null,null,null);
Insert into UANDARI_USER.HOURXHOUR (IDHOURXHOUR,HOUR_,DATE_,MUST,MUSTACCUMULATIVE,IS_,ISACCUMULATIVE,DIFFERENCE,ACCUMULATIVEDIFFERENCE,IDCELL,IDUSER,IDAREAS,IDOPERATION,DOWNTIME) values (121,null,null,150,null,null,null,null,null,null,null,null,null,null);
Insert into UANDARI_USER.HOURXHOUR (IDHOURXHOUR,HOUR_,DATE_,MUST,MUSTACCUMULATIVE,IS_,ISACCUMULATIVE,DIFFERENCE,ACCUMULATIVEDIFFERENCE,IDCELL,IDUSER,IDAREAS,IDOPERATION,DOWNTIME) values (122,null,null,150,null,null,null,null,null,null,null,null,null,null);
Insert into UANDARI_USER.HOURXHOUR (IDHOURXHOUR,HOUR_,DATE_,MUST,MUSTACCUMULATIVE,IS_,ISACCUMULATIVE,DIFFERENCE,ACCUMULATIVEDIFFERENCE,IDCELL,IDUSER,IDAREAS,IDOPERATION,DOWNTIME) values (123,null,null,150,null,null,null,null,null,null,null,null,null,null);
Insert into UANDARI_USER.HOURXHOUR (IDHOURXHOUR,HOUR_,DATE_,MUST,MUSTACCUMULATIVE,IS_,ISACCUMULATIVE,DIFFERENCE,ACCUMULATIVEDIFFERENCE,IDCELL,IDUSER,IDAREAS,IDOPERATION,DOWNTIME) values (6,'12:00','2023-08-18',5,15,3,8,2,4,3,1,null,null,null);
Insert into UANDARI_USER.HOURXHOUR (IDHOURXHOUR,HOUR_,DATE_,MUST,MUSTACCUMULATIVE,IS_,ISACCUMULATIVE,DIFFERENCE,ACCUMULATIVEDIFFERENCE,IDCELL,IDUSER,IDAREAS,IDOPERATION,DOWNTIME) values (8,'12:00','2023-08-18',5,15,3,8,2,4,3,1,null,null,null);
Insert into UANDARI_USER.HOURXHOUR (IDHOURXHOUR,HOUR_,DATE_,MUST,MUSTACCUMULATIVE,IS_,ISACCUMULATIVE,DIFFERENCE,ACCUMULATIVEDIFFERENCE,IDCELL,IDUSER,IDAREAS,IDOPERATION,DOWNTIME) values (9,'12:000000','2023-08-18',5,15,3,8,2,4,123,456,null,null,null);
Insert into UANDARI_USER.HOURXHOUR (IDHOURXHOUR,HOUR_,DATE_,MUST,MUSTACCUMULATIVE,IS_,ISACCUMULATIVE,DIFFERENCE,ACCUMULATIVEDIFFERENCE,IDCELL,IDUSER,IDAREAS,IDOPERATION,DOWNTIME) values (10,null,null,1000,null,null,null,null,null,null,null,null,null,null);
Insert into UANDARI_USER.HOURXHOUR (IDHOURXHOUR,HOUR_,DATE_,MUST,MUSTACCUMULATIVE,IS_,ISACCUMULATIVE,DIFFERENCE,ACCUMULATIVEDIFFERENCE,IDCELL,IDUSER,IDAREAS,IDOPERATION,DOWNTIME) values (11,null,null,105,null,null,null,null,null,null,null,null,null,null);
Insert into UANDARI_USER.HOURXHOUR (IDHOURXHOUR,HOUR_,DATE_,MUST,MUSTACCUMULATIVE,IS_,ISACCUMULATIVE,DIFFERENCE,ACCUMULATIVEDIFFERENCE,IDCELL,IDUSER,IDAREAS,IDOPERATION,DOWNTIME) values (12,null,null,101,null,null,null,null,null,null,null,null,null,null);
Insert into UANDARI_USER.HOURXHOUR (IDHOURXHOUR,HOUR_,DATE_,MUST,MUSTACCUMULATIVE,IS_,ISACCUMULATIVE,DIFFERENCE,ACCUMULATIVEDIFFERENCE,IDCELL,IDUSER,IDAREAS,IDOPERATION,DOWNTIME) values (21,null,null,150,null,null,null,null,null,null,null,null,null,null);
Insert into UANDARI_USER.HOURXHOUR (IDHOURXHOUR,HOUR_,DATE_,MUST,MUSTACCUMULATIVE,IS_,ISACCUMULATIVE,DIFFERENCE,ACCUMULATIVEDIFFERENCE,IDCELL,IDUSER,IDAREAS,IDOPERATION,DOWNTIME) values (22,null,null,150,null,null,null,null,null,null,null,null,null,null);
Insert into UANDARI_USER.HOURXHOUR (IDHOURXHOUR,HOUR_,DATE_,MUST,MUSTACCUMULATIVE,IS_,ISACCUMULATIVE,DIFFERENCE,ACCUMULATIVEDIFFERENCE,IDCELL,IDUSER,IDAREAS,IDOPERATION,DOWNTIME) values (41,'12:000000','2023-08-18',50,0,0,0,0,0,123,456,null,null,null);
Insert into UANDARI_USER.HOURXHOUR (IDHOURXHOUR,HOUR_,DATE_,MUST,MUSTACCUMULATIVE,IS_,ISACCUMULATIVE,DIFFERENCE,ACCUMULATIVEDIFFERENCE,IDCELL,IDUSER,IDAREAS,IDOPERATION,DOWNTIME) values (61,null,null,150,null,null,null,null,null,null,null,null,null,null);
Insert into UANDARI_USER.HOURXHOUR (IDHOURXHOUR,HOUR_,DATE_,MUST,MUSTACCUMULATIVE,IS_,ISACCUMULATIVE,DIFFERENCE,ACCUMULATIVEDIFFERENCE,IDCELL,IDUSER,IDAREAS,IDOPERATION,DOWNTIME) values (63,null,null,150,null,null,null,null,null,null,null,null,null,null);
REM INSERTING into UANDARI_USER.CELL
SET DEFINE OFF;
Insert into UANDARI_USER.CELL (IDCELL,CELLNAME,IDUSER,IDLINE,ISDELETE) values (1,'Célula A',1,1,0);
Insert into UANDARI_USER.CELL (IDCELL,CELLNAME,IDUSER,IDLINE,ISDELETE) values (2,'Célula B',2,2,0);
Insert into UANDARI_USER.CELL (IDCELL,CELLNAME,IDUSER,IDLINE,ISDELETE) values (3,'Célula C',3,3,0);
Insert into UANDARI_USER.CELL (IDCELL,CELLNAME,IDUSER,IDLINE,ISDELETE) values (41,'HolaMundo',1,1,1);
Insert into UANDARI_USER.CELL (IDCELL,CELLNAME,IDUSER,IDLINE,ISDELETE) values (42,'CBP01',1,1,0);
Insert into UANDARI_USER.CELL (IDCELL,CELLNAME,IDUSER,IDLINE,ISDELETE) values (43,'CBP01',1,1,0);
Insert into UANDARI_USER.CELL (IDCELL,CELLNAME,IDUSER,IDLINE,ISDELETE) values (61,'CBP01',1,1,0);
Insert into UANDARI_USER.CELL (IDCELL,CELLNAME,IDUSER,IDLINE,ISDELETE) values (21,'Célula D',2,5,0);
Insert into UANDARI_USER.CELL (IDCELL,CELLNAME,IDUSER,IDLINE,ISDELETE) values (81,'CBP01',21,61,0);
Insert into UANDARI_USER.CELL (IDCELL,CELLNAME,IDUSER,IDLINE,ISDELETE) values (82,'CBP01',21,61,0);
REM INSERTING into UANDARI_USER.CATEGORY
SET DEFINE OFF;
Insert into UANDARI_USER.CATEGORY (IDCATEGORY,NAME_,DESCRIPTION_) values (1,'Disponibilidad','Categoría relacionada con la disponibilidad de materiales.');
Insert into UANDARI_USER.CATEGORY (IDCATEGORY,NAME_,DESCRIPTION_) values (2,'Desempeño','Categoría relacionada con el factor humano Proveedor, Logistica.');
Insert into UANDARI_USER.CATEGORY (IDCATEGORY,NAME_,DESCRIPTION_) values (3,'Calidad','Categoría relacionada con la calidad de retrabajo y desecho de piezas');
REM INSERTING into UANDARI_USER.CAR
SET DEFINE OFF;
Insert into UANDARI_USER.CAR (IDCAR,NAME_) values (1,'VW Golf');
Insert into UANDARI_USER.CAR (IDCAR,NAME_) values (2,'VW Passat');
Insert into UANDARI_USER.CAR (IDCAR,NAME_) values (3,'VW Jetta');
Insert into UANDARI_USER.CAR (IDCAR,NAME_) values (4,'VW Beetle');
Insert into UANDARI_USER.CAR (IDCAR,NAME_) values (5,'VW Tiguan');
REM INSERTING into UANDARI_USER.AREAS
SET DEFINE OFF;
Insert into UANDARI_USER.AREAS (IDAREAS,NAME) values (2,'Ausentismo');
Insert into UANDARI_USER.AREAS (IDAREAS,NAME) values (3,'Produccion');
Insert into UANDARI_USER.AREAS (IDAREAS,NAME) values (4,'Q-Mot Hausteile');
Insert into UANDARI_USER.AREAS (IDAREAS,NAME) values (5,'Planeacion');
Insert into UANDARI_USER.AREAS (IDAREAS,NAME) values (6,'Mantenimiento');
Insert into UANDARI_USER.AREAS (IDAREAS,NAME) values (7,'Q-Warenfilter');
Insert into UANDARI_USER.AREAS (IDAREAS,NAME) values (8,'Pre-Serie');
Insert into UANDARI_USER.AREAS (IDAREAS,NAME) values (9,'Q-Partes de compra');
Insert into UANDARI_USER.AREAS (IDAREAS,NAME) values (10,'Logistica paro no Programado');
Insert into UANDARI_USER.AREAS (IDAREAS,NAME) values (11,'IT');
Insert into UANDARI_USER.AREAS (IDAREAS,NAME) values (12,'Pre-Serie');
--------------------------------------------------------
--  DDL for Index PK_ISSUE
--------------------------------------------------------

  CREATE UNIQUE INDEX "UANDARI_USER"."PK_ISSUE" ON "UANDARI_USER"."ISSUE" ("IDISSUE") 
  PCTFREE 10 INITRANS 2 MAXTRANS 255 COMPUTE STATISTICS 
  STORAGE(INITIAL 65536 NEXT 1048576 MINEXTENTS 1 MAXEXTENTS 2147483645
  PCTINCREASE 0 FREELISTS 1 FREELIST GROUPS 1
  BUFFER_POOL DEFAULT FLASH_CACHE DEFAULT CELL_FLASH_CACHE DEFAULT)
  TABLESPACE "USERS" ;
--------------------------------------------------------
--  DDL for Index PK_USER
--------------------------------------------------------

  CREATE UNIQUE INDEX "UANDARI_USER"."PK_USER" ON "UANDARI_USER"."USERVW" ("IDUSER") 
  PCTFREE 10 INITRANS 2 MAXTRANS 255 COMPUTE STATISTICS 
  STORAGE(INITIAL 65536 NEXT 1048576 MINEXTENTS 1 MAXEXTENTS 2147483645
  PCTINCREASE 0 FREELISTS 1 FREELIST GROUPS 1
  BUFFER_POOL DEFAULT FLASH_CACHE DEFAULT CELL_FLASH_CACHE DEFAULT)
  TABLESPACE "USERS" ;
--------------------------------------------------------
--  DDL for Index PK_ROL
--------------------------------------------------------

  CREATE UNIQUE INDEX "UANDARI_USER"."PK_ROL" ON "UANDARI_USER"."ROLE" ("IDROLE") 
  PCTFREE 10 INITRANS 2 MAXTRANS 255 COMPUTE STATISTICS 
  STORAGE(INITIAL 65536 NEXT 1048576 MINEXTENTS 1 MAXEXTENTS 2147483645
  PCTINCREASE 0 FREELISTS 1 FREELIST GROUPS 1
  BUFFER_POOL DEFAULT FLASH_CACHE DEFAULT CELL_FLASH_CACHE DEFAULT)
  TABLESPACE "USERS" ;
--------------------------------------------------------
--  DDL for Index PK_IDOPERATION
--------------------------------------------------------

  CREATE UNIQUE INDEX "UANDARI_USER"."PK_IDOPERATION" ON "UANDARI_USER"."OPERATION" ("IDOPERATION") 
  PCTFREE 10 INITRANS 2 MAXTRANS 255 COMPUTE STATISTICS 
  STORAGE(INITIAL 65536 NEXT 1048576 MINEXTENTS 1 MAXEXTENTS 2147483645
  PCTINCREASE 0 FREELISTS 1 FREELIST GROUPS 1
  BUFFER_POOL DEFAULT FLASH_CACHE DEFAULT CELL_FLASH_CACHE DEFAULT)
  TABLESPACE "USERS" ;
--------------------------------------------------------
--  DDL for Index PK_IDLINE
--------------------------------------------------------

  CREATE UNIQUE INDEX "UANDARI_USER"."PK_IDLINE" ON "UANDARI_USER"."LINEVW" ("IDLINE") 
  PCTFREE 10 INITRANS 2 MAXTRANS 255 COMPUTE STATISTICS 
  STORAGE(INITIAL 65536 NEXT 1048576 MINEXTENTS 1 MAXEXTENTS 2147483645
  PCTINCREASE 0 FREELISTS 1 FREELIST GROUPS 1
  BUFFER_POOL DEFAULT FLASH_CACHE DEFAULT CELL_FLASH_CACHE DEFAULT)
  TABLESPACE "USERS" ;
--------------------------------------------------------
--  DDL for Index PK_IDLINEVW
--------------------------------------------------------

  CREATE UNIQUE INDEX "UANDARI_USER"."PK_IDLINEVW" ON "UANDARI_USER"."LINE" ("IDLINE") 
  PCTFREE 10 INITRANS 2 MAXTRANS 255 COMPUTE STATISTICS 
  STORAGE(INITIAL 65536 NEXT 1048576 MINEXTENTS 1 MAXEXTENTS 2147483645
  PCTINCREASE 0 FREELISTS 1 FREELIST GROUPS 1
  BUFFER_POOL DEFAULT FLASH_CACHE DEFAULT CELL_FLASH_CACHE DEFAULT)
  TABLESPACE "USERS" ;
--------------------------------------------------------
--  DDL for Index PK_ISSUESCALED
--------------------------------------------------------

  CREATE UNIQUE INDEX "UANDARI_USER"."PK_ISSUESCALED" ON "UANDARI_USER"."ESCALATEDISSUES" ("IDISSUESCALED") 
  PCTFREE 10 INITRANS 2 MAXTRANS 255 COMPUTE STATISTICS 
  STORAGE(INITIAL 65536 NEXT 1048576 MINEXTENTS 1 MAXEXTENTS 2147483645
  PCTINCREASE 0 FREELISTS 1 FREELIST GROUPS 1
  BUFFER_POOL DEFAULT FLASH_CACHE DEFAULT CELL_FLASH_CACHE DEFAULT)
  TABLESPACE "USERS" ;
--------------------------------------------------------
--  DDL for Index PK_HOURXHOUR
--------------------------------------------------------

  CREATE UNIQUE INDEX "UANDARI_USER"."PK_HOURXHOUR" ON "UANDARI_USER"."HOURXHOUR" ("IDHOURXHOUR") 
  PCTFREE 10 INITRANS 2 MAXTRANS 255 COMPUTE STATISTICS 
  STORAGE(INITIAL 65536 NEXT 1048576 MINEXTENTS 1 MAXEXTENTS 2147483645
  PCTINCREASE 0 FREELISTS 1 FREELIST GROUPS 1
  BUFFER_POOL DEFAULT FLASH_CACHE DEFAULT CELL_FLASH_CACHE DEFAULT)
  TABLESPACE "USERS" ;
--------------------------------------------------------
--  DDL for Index PK_IDCELL
--------------------------------------------------------

  CREATE UNIQUE INDEX "UANDARI_USER"."PK_IDCELL" ON "UANDARI_USER"."CELL" ("IDCELL") 
  PCTFREE 10 INITRANS 2 MAXTRANS 255 COMPUTE STATISTICS 
  STORAGE(INITIAL 65536 NEXT 1048576 MINEXTENTS 1 MAXEXTENTS 2147483645
  PCTINCREASE 0 FREELISTS 1 FREELIST GROUPS 1
  BUFFER_POOL DEFAULT FLASH_CACHE DEFAULT CELL_FLASH_CACHE DEFAULT)
  TABLESPACE "USERS" ;
--------------------------------------------------------
--  DDL for Index PK_IDCAR
--------------------------------------------------------

  CREATE UNIQUE INDEX "UANDARI_USER"."PK_IDCAR" ON "UANDARI_USER"."CAR" ("IDCAR") 
  PCTFREE 10 INITRANS 2 MAXTRANS 255 COMPUTE STATISTICS 
  STORAGE(INITIAL 65536 NEXT 1048576 MINEXTENTS 1 MAXEXTENTS 2147483645
  PCTINCREASE 0 FREELISTS 1 FREELIST GROUPS 1
  BUFFER_POOL DEFAULT FLASH_CACHE DEFAULT CELL_FLASH_CACHE DEFAULT)
  TABLESPACE "USERS" ;
--------------------------------------------------------
--  DDL for Index PK_IDAREAS
--------------------------------------------------------

  CREATE UNIQUE INDEX "UANDARI_USER"."PK_IDAREAS" ON "UANDARI_USER"."AREAS" ("IDAREAS") 
  PCTFREE 10 INITRANS 2 MAXTRANS 255 COMPUTE STATISTICS 
  STORAGE(INITIAL 65536 NEXT 1048576 MINEXTENTS 1 MAXEXTENTS 2147483645
  PCTINCREASE 0 FREELISTS 1 FREELIST GROUPS 1
  BUFFER_POOL DEFAULT FLASH_CACHE DEFAULT CELL_FLASH_CACHE DEFAULT)
  TABLESPACE "USERS" ;
--------------------------------------------------------
--  Constraints for Table ISSUE
--------------------------------------------------------

  ALTER TABLE "UANDARI_USER"."ISSUE" MODIFY ("IDISSUE" NOT NULL ENABLE);
  ALTER TABLE "UANDARI_USER"."ISSUE" ADD CONSTRAINT "PK_ISSUE" PRIMARY KEY ("IDISSUE")
  USING INDEX PCTFREE 10 INITRANS 2 MAXTRANS 255 COMPUTE STATISTICS 
  STORAGE(INITIAL 65536 NEXT 1048576 MINEXTENTS 1 MAXEXTENTS 2147483645
  PCTINCREASE 0 FREELISTS 1 FREELIST GROUPS 1
  BUFFER_POOL DEFAULT FLASH_CACHE DEFAULT CELL_FLASH_CACHE DEFAULT)
  TABLESPACE "USERS"  ENABLE;
--------------------------------------------------------
--  Constraints for Table TYPES_CATEGORY
--------------------------------------------------------

  ALTER TABLE "UANDARI_USER"."TYPES_CATEGORY" MODIFY ("IDTYPESCATEGORY" NOT NULL ENABLE);
--------------------------------------------------------
--  Constraints for Table USERVW
--------------------------------------------------------

  ALTER TABLE "UANDARI_USER"."USERVW" MODIFY ("IDUSER" NOT NULL ENABLE);
  ALTER TABLE "UANDARI_USER"."USERVW" MODIFY ("NAME_" NOT NULL ENABLE);
  ALTER TABLE "UANDARI_USER"."USERVW" MODIFY ("LASTNAMES" NOT NULL ENABLE);
  ALTER TABLE "UANDARI_USER"."USERVW" MODIFY ("CONTROLNUMBER" NOT NULL ENABLE);
  ALTER TABLE "UANDARI_USER"."USERVW" MODIFY ("MAIL" NOT NULL ENABLE);
  ALTER TABLE "UANDARI_USER"."USERVW" MODIFY ("PASSWORD_" NOT NULL ENABLE);
  ALTER TABLE "UANDARI_USER"."USERVW" ADD CONSTRAINT "PK_USER" PRIMARY KEY ("IDUSER")
  USING INDEX PCTFREE 10 INITRANS 2 MAXTRANS 255 COMPUTE STATISTICS 
  STORAGE(INITIAL 65536 NEXT 1048576 MINEXTENTS 1 MAXEXTENTS 2147483645
  PCTINCREASE 0 FREELISTS 1 FREELIST GROUPS 1
  BUFFER_POOL DEFAULT FLASH_CACHE DEFAULT CELL_FLASH_CACHE DEFAULT)
  TABLESPACE "USERS"  ENABLE;
--------------------------------------------------------
--  Constraints for Table ROLE
--------------------------------------------------------

  ALTER TABLE "UANDARI_USER"."ROLE" MODIFY ("IDROLE" NOT NULL ENABLE);
  ALTER TABLE "UANDARI_USER"."ROLE" MODIFY ("NAME" NOT NULL ENABLE);
  ALTER TABLE "UANDARI_USER"."ROLE" ADD CONSTRAINT "PK_ROL" PRIMARY KEY ("IDROLE")
  USING INDEX PCTFREE 10 INITRANS 2 MAXTRANS 255 COMPUTE STATISTICS 
  STORAGE(INITIAL 65536 NEXT 1048576 MINEXTENTS 1 MAXEXTENTS 2147483645
  PCTINCREASE 0 FREELISTS 1 FREELIST GROUPS 1
  BUFFER_POOL DEFAULT FLASH_CACHE DEFAULT CELL_FLASH_CACHE DEFAULT)
  TABLESPACE "USERS"  ENABLE;
--------------------------------------------------------
--  Constraints for Table OPERATION
--------------------------------------------------------

  ALTER TABLE "UANDARI_USER"."OPERATION" MODIFY ("IDOPERATION" NOT NULL ENABLE);
  ALTER TABLE "UANDARI_USER"."OPERATION" ADD CONSTRAINT "PK_IDOPERATION" PRIMARY KEY ("IDOPERATION")
  USING INDEX PCTFREE 10 INITRANS 2 MAXTRANS 255 COMPUTE STATISTICS 
  STORAGE(INITIAL 65536 NEXT 1048576 MINEXTENTS 1 MAXEXTENTS 2147483645
  PCTINCREASE 0 FREELISTS 1 FREELIST GROUPS 1
  BUFFER_POOL DEFAULT FLASH_CACHE DEFAULT CELL_FLASH_CACHE DEFAULT)
  TABLESPACE "USERS"  ENABLE;
--------------------------------------------------------
--  Constraints for Table LINEVW
--------------------------------------------------------

  ALTER TABLE "UANDARI_USER"."LINEVW" MODIFY ("IDLINE" NOT NULL ENABLE);
  ALTER TABLE "UANDARI_USER"."LINEVW" MODIFY ("LINENAME" NOT NULL ENABLE);
  ALTER TABLE "UANDARI_USER"."LINEVW" ADD CONSTRAINT "PK_IDLINE" PRIMARY KEY ("IDLINE")
  USING INDEX PCTFREE 10 INITRANS 2 MAXTRANS 255 COMPUTE STATISTICS 
  STORAGE(INITIAL 65536 NEXT 1048576 MINEXTENTS 1 MAXEXTENTS 2147483645
  PCTINCREASE 0 FREELISTS 1 FREELIST GROUPS 1
  BUFFER_POOL DEFAULT FLASH_CACHE DEFAULT CELL_FLASH_CACHE DEFAULT)
  TABLESPACE "USERS"  ENABLE;
--------------------------------------------------------
--  Constraints for Table LINE
--------------------------------------------------------

  ALTER TABLE "UANDARI_USER"."LINE" MODIFY ("IDLINE" NOT NULL ENABLE);
  ALTER TABLE "UANDARI_USER"."LINE" ADD CONSTRAINT "PK_IDLINEVW" PRIMARY KEY ("IDLINE")
  USING INDEX PCTFREE 10 INITRANS 2 MAXTRANS 255 COMPUTE STATISTICS 
  STORAGE(INITIAL 65536 NEXT 1048576 MINEXTENTS 1 MAXEXTENTS 2147483645
  PCTINCREASE 0 FREELISTS 1 FREELIST GROUPS 1
  BUFFER_POOL DEFAULT FLASH_CACHE DEFAULT CELL_FLASH_CACHE DEFAULT)
  TABLESPACE "USERS"  ENABLE;
--------------------------------------------------------
--  Constraints for Table ESCALATEDISSUES
--------------------------------------------------------

  ALTER TABLE "UANDARI_USER"."ESCALATEDISSUES" MODIFY ("IDISSUESCALED" NOT NULL ENABLE);
  ALTER TABLE "UANDARI_USER"."ESCALATEDISSUES" ADD CONSTRAINT "PK_ISSUESCALED" PRIMARY KEY ("IDISSUESCALED")
  USING INDEX PCTFREE 10 INITRANS 2 MAXTRANS 255 COMPUTE STATISTICS 
  STORAGE(INITIAL 65536 NEXT 1048576 MINEXTENTS 1 MAXEXTENTS 2147483645
  PCTINCREASE 0 FREELISTS 1 FREELIST GROUPS 1
  BUFFER_POOL DEFAULT FLASH_CACHE DEFAULT CELL_FLASH_CACHE DEFAULT)
  TABLESPACE "USERS"  ENABLE;
--------------------------------------------------------
--  Constraints for Table HOURXHOUR
--------------------------------------------------------

  ALTER TABLE "UANDARI_USER"."HOURXHOUR" MODIFY ("IDHOURXHOUR" NOT NULL ENABLE);
  ALTER TABLE "UANDARI_USER"."HOURXHOUR" ADD CONSTRAINT "PK_HOURXHOUR" PRIMARY KEY ("IDHOURXHOUR")
  USING INDEX PCTFREE 10 INITRANS 2 MAXTRANS 255 COMPUTE STATISTICS 
  STORAGE(INITIAL 65536 NEXT 1048576 MINEXTENTS 1 MAXEXTENTS 2147483645
  PCTINCREASE 0 FREELISTS 1 FREELIST GROUPS 1
  BUFFER_POOL DEFAULT FLASH_CACHE DEFAULT CELL_FLASH_CACHE DEFAULT)
  TABLESPACE "USERS"  ENABLE;
--------------------------------------------------------
--  Constraints for Table CELL
--------------------------------------------------------

  ALTER TABLE "UANDARI_USER"."CELL" MODIFY ("IDCELL" NOT NULL ENABLE);
  ALTER TABLE "UANDARI_USER"."CELL" MODIFY ("CELLNAME" NOT NULL ENABLE);
  ALTER TABLE "UANDARI_USER"."CELL" ADD CONSTRAINT "PK_IDCELL" PRIMARY KEY ("IDCELL")
  USING INDEX PCTFREE 10 INITRANS 2 MAXTRANS 255 COMPUTE STATISTICS 
  STORAGE(INITIAL 65536 NEXT 1048576 MINEXTENTS 1 MAXEXTENTS 2147483645
  PCTINCREASE 0 FREELISTS 1 FREELIST GROUPS 1
  BUFFER_POOL DEFAULT FLASH_CACHE DEFAULT CELL_FLASH_CACHE DEFAULT)
  TABLESPACE "USERS"  ENABLE;
--------------------------------------------------------
--  Constraints for Table CATEGORY
--------------------------------------------------------

  ALTER TABLE "UANDARI_USER"."CATEGORY" MODIFY ("IDCATEGORY" NOT NULL ENABLE);
--------------------------------------------------------
--  Constraints for Table CAR
--------------------------------------------------------

  ALTER TABLE "UANDARI_USER"."CAR" MODIFY ("IDCAR" NOT NULL ENABLE);
  ALTER TABLE "UANDARI_USER"."CAR" ADD CONSTRAINT "PK_IDCAR" PRIMARY KEY ("IDCAR")
  USING INDEX PCTFREE 10 INITRANS 2 MAXTRANS 255 COMPUTE STATISTICS 
  STORAGE(INITIAL 65536 NEXT 1048576 MINEXTENTS 1 MAXEXTENTS 2147483645
  PCTINCREASE 0 FREELISTS 1 FREELIST GROUPS 1
  BUFFER_POOL DEFAULT FLASH_CACHE DEFAULT CELL_FLASH_CACHE DEFAULT)
  TABLESPACE "USERS"  ENABLE;
--------------------------------------------------------
--  Constraints for Table AREAS
--------------------------------------------------------

  ALTER TABLE "UANDARI_USER"."AREAS" MODIFY ("IDAREAS" NOT NULL ENABLE);
  ALTER TABLE "UANDARI_USER"."AREAS" ADD CONSTRAINT "PK_IDAREAS" PRIMARY KEY ("IDAREAS")
  USING INDEX PCTFREE 10 INITRANS 2 MAXTRANS 255 COMPUTE STATISTICS 
  STORAGE(INITIAL 65536 NEXT 1048576 MINEXTENTS 1 MAXEXTENTS 2147483645
  PCTINCREASE 0 FREELISTS 1 FREELIST GROUPS 1
  BUFFER_POOL DEFAULT FLASH_CACHE DEFAULT CELL_FLASH_CACHE DEFAULT)
  TABLESPACE "USERS"  ENABLE;
--------------------------------------------------------
--  Ref Constraints for Table USERVW
--------------------------------------------------------

  ALTER TABLE "UANDARI_USER"."USERVW" ADD CONSTRAINT "FK_USER_ROLE" FOREIGN KEY ("IDROLE")
	  REFERENCES "UANDARI_USER"."ROLE" ("IDROLE") ENABLE;
